Pin,Name,Default,AF0,AF1,AF2,AF3,AF4,AF5,AF6,AF7,AF8,AF9,AF10,AF11,AF12,AF13,AF14,AF15,ADC
1,GP10,GP10,GP10,I2C0_SCL,,TIM3_PWM0,,,SD0_CLK,UART1_TX,,,,,TIM0_CC1,,,,
2,GP11,GP11,GP11,I2C0_SDA,,TIM3_PWM1,pXCLK(XVCLK),,SD0_CMD,UART1_RX,,,,,TIM1_CC0,I2S0_FS,,,
3,GP12,GP12,GP12,,,I2S0_CLK,pVS(VSYNC),I2C0_SCL,,UART0_TX,,,,,TIM1_CC1,,,,
4,GP13,GP13,GP13,,,,pHS(HSYNC),I2C0_SDA,,UART0_RX,,,,,TIM2_CC0,,,,
5,GP14,GP14,GP14,,,,pDATA8(CAM_D4),I2C0_SCL,,SPI0_CLK,,,,,TIM2_CC1,,,,
6,GP15,GP15,GP15,,,,pDATA9(CAM_D5),I2C0_SDA,,SPI0_MISO,SD0_DAT0,,,,,TIM3_CC0,,,
7,GP16,GP16,GP16,,,,pDATA10(CAM_D6),UART1_TX,,SPI0_MOSI,SD0_CLK,,,,,TIM3_CC1,,,
8,GP17,GP17,GP17,,,,pDATA11(CAM_D7),UART1_RX,,SPI0_CS0,SD0_CMD,,,,,,,,
9,VDD_DIG1,VDD_DIG1,VDD_DIG1,,,,,,,,,,,,,,,,
10,VIN_IO1,VIN_IO1,VIN_IO1,,,,,,,,,,,,,,,,
11,FLASH_SPI_CLK,FLASH_SPI_CLK,FLASH_SPI_CLK,,,,,,,,,,,,,,,,
12,FLASH_SPI_DOUT,FLASH_SPI_DOUT,FLASH_SPI_DOUT,,,,,,,,,,,,,,,,
13,FLASH_SPI_DIN,FLASH_SPI_DIN,FLASH_SPI_DIN,,,,,,,,,,,,,,,,
14,FLASH_SPI_CS,FLASH_SPI_CS,FLASH_SPI_CS,,,,,,,,,,,,,,,,
15,GP22,GP22,GP22,,,,,TIM2_CC0,,I2S0_FS,,,,,,,,,
16,GP23,TDI,GP23,TDI,UART1_TX,,,,,,,I2C0_SCL,,,,,,,
17,GP24,TDO,GP24,TDO,UART1_RX,,TIM3_CC0,TIM0_PWM0,I2S0_FS,,,I2C0_SDA,,,,,,,
18,GP28,GP28,GP28,,,,,,,,,,,,,,,,
19,TCK,TCK,,TCK,,,,,,,TIM1_PWM2,,,,,,,,
20,GP29,TMS,GP29,TMS,,,,,,,,,,,,,,,
21,GP25,SOP2,GP25,,I2S0_FS,,,,,,,TIM1_PWM0,,,,,,,
22,WLAN_XTAL_N,WLAN_XTAL_N,WLAN_XTAL_N,,,,,,,,,,,,,,,,
23,WLAN_XTAL_P,WLAN_XTAL_P,WLAN_XTAL_P,,,,,,,,,,,,,,,,
24,VDD_PLL,VDD_PLL,VDD_PLL,,,,,,,,,,,,,,,,
25,LDO_IN2,LDO_IN2,LDO_IN2,,,,,,,,,,,,,,,,
26,NC,NC,NC,,,,,,,,,,,,,,,,
27,NC,NC,NC,,,,,,,,,,,,,,,,
28,NC,NC,NC,,,,,,,,,,,,,,,,
29,ANTSEL1,ANTSEL1,ANTSEL1,,,,,,,,,,,,,,,,
30,ANTSEL2,ANTSEL2,ANTSEL2,,,,,,,,,,,,,,,,
31,RF_BG,RF_BG,RF_BG,,,,,,,,,,,,,,,,
32,nRESET,nRESET,nRESET,,,,,,,,,,,,,,,,
33,VDD_PA_IN,VDD_PA_IN,VDD_PA_IN,,,,,,,,,,,,,,,,
34,SOP1,SOP1,SOP1,,,,,,,,,,,,,,,,
35,SOP0,SOP0,SOP0,,,,,,,,,,,,,,,,
36,LDO_IN1,LDO_IN1,LDO_IN1,,,,,,,,,,,,,,,,
37,VIN_DCDC_ANA,VIN_DCDC_ANA,VIN_DCDC_ANA,,,,,,,,,,,,,,,,
38,DCDC_ANA_SW,DCDC_ANA_SW,DCDC_ANA_SW,,,,,,,,,,,,,,,,
39,VIN_DCDC_PA,VIN_DCDC_ PA,VIN_DCDC_PA,,,,,,,,,,,,,,,,
40,DCDC_PA_SW_P,DCDC_PA_SW_P,DCDC_PA_SW_P,,,,,,,,,,,,,,,,
41,DCDC_PA_SW_N,DCDC_PA_SW_N,DCDC_PA_SW_N,,,,,,,,,,,,,,,,
42,DCDC_PA_OUT,DCDC_PA_O UT,DCDC_PA_O UT,,,,,,,,,,,,,,,,
43,DCDC_DIG_SW,DCDC_DIG_ SW,DCDC_DIG_ SW,,,,,,,,,,,,,,,,
44,VIN_DCDC_DIG,VIN_DCDC_ DIG,VIN_DCDC_ DIG,,,,,,,,,,,,,,,,
45,GP31,DCDC_ANA2_SW_P,GP31,,UART1_RX,,,,I2S0_DAT0,SPI0_CLK,,UART0_RX,,,I2S0_FS,,,,
46,DCDC_ANA2_SW_N,DCDC_ANA2_SW_N,DCDC_ANA2_SW_N,,,,,,,,,,,,,,,,
47,VDD_ANA2,VDD_ANA2,VDD_ANA2,,,,,,,,,,,,,,,,
48,VDD_ANA1,VDD_ANA1,VDD_ANA1,,,,,,,,,,,,,,,,
49,VDD_RAM,VDD_RAM,VDD_RAM,,,,,,,,,,,,,,,,
50,GP0,GP0,GP0,,,UART0_RTS,I2S0_DAT0,,I2S0_DAT1,TIM0_CC0,,SPI0_CS0,UART1_RTS,,UART0_CTS,,,,
51,RTC_XTAL_P,RTC_XTAL_P,RTC_XTAL_P,,,,,,,,,,,,,,,,
52,RTC_XTAL_N,RTC_XTAL_N,GP32,,I2S0_CLK,,I2S0_DAT0,,UART0_RTS,,SPI0_MOSI,,,,,,,,
53,GP30,GP30,GP30,,I2S0_CLK,I2S0_FS,TIM2_CC1,,,SPI0_MISO,,UART0_TX,,,,,,,
54,VIN_IO2,VIN_IO2,VIN_IO2,,,,,,,,,,,,,,,,
55,GP1,GP1,GP1,,,UART0_TX,pCLK (PIXCLK),,UART1_TX,TIM0_CC1,,,,,,,,,
56,VDD_DIG2,VDD_DIG2,VDD_DIG2,,,,,,,,,,,,,,,,
57,GP2,GP2,GP2,,,UART0_RX,,,UART1_RX,TIM1_CC0,,,,,,,,,ADC0_CH0
58,GP3,GP3,GP3,,,,pDATA7(CAM_D3),,UART1_TX,,,,,,,,,,ADC0_CH1
59,GP4,GP4,GP4,,,,pDATA6(CAM_D2),,UART1_RX,,,,,,,,,,ADC0_CH2
60,GP5,GP5,GP5,,,,pDATA5(CAM_D1),,I2S0_DAT1,TIM2_CC1,,,,,,,,,ADC0_CH3
61,GP6,GP6,GP6,,,UART1_CTS,pDATA4(CAM_D0),UART0_RTS,UART0_CTS,TIM3_CC0,,,,,,,,,
62,GP7,GP7,GP7,,,UART1_RTS,,,,,,,UART0_RTS,UART0_TX,,I2S0_CLK,,,
63,GP8,GP8,GP8,,,,,,SD0_IRQ,I2S0_FS,,,,,TIM3_CC0,,,,
64,GP9,GP9,GP9,,,TIM2_PWM1,,,SD0_DAT0,I2S0_DAT0,,,,,TIM0_CC0,,,,
65,GND_TAB,GND_TAB,GND_TAB,,,,,,,,,,,,,,,,
